/2013/10/23/renovation-projects-top-5-tips/,https://kluje.com/en/blog/renovation-projects-top-5-tips
/2013/10/07/toilet-repair-all-you-need-to-know/,https://kluje.com/en/blog/toilet-repair-all-you-need-to-know
/2013/10/01/kitchen-remodelling-5-ways-to-achieve/,https://kluje.com/en/blog/kitchen-remodelling-5-ways-to-achieve
/2013/09/30/top-10-painting-tips/,https://kluje.com/en/blog/top-10-painting-tips
/2013/10/04/fire-safety-protect-your-home/,https://kluje.com/en/blog/fire-safety-protect-your-home
/2013/10/11/fitting-new-taps/,https://kluje.com/en/blog/fitting-new-taps
/2013/10/02/3-tips-remember-home-improvement-project/,https://kluje.com/en/blog/3-tips-remember-home-improvement-project
/2013/10/28/how-to-spot-a-dodgy-contractor/,https://kluje.com/en/blog/how-to-spot-a-dodgy-contractor
/2013/10/14/kitchen-remodelling-10-tips/,https://kluje.com/en/blog/kitchen-remodelling-10-tips
/2013/10/15/always-wear-hard-hat-diy-projects/,https://kluje.com/en/blog/always-wear-hard-hat-diy-projects
/2013/11/01/home-improvement-mood-board-guide/,https://kluje.com/en/blog/home-improvement-mood-board-guide
/2013/11/06/install-a-dishwasher/,https://kluje.com/en/blog/install-a-dishwasher
/2013/11/08/installing-decking-or-paving/,https://kluje.com/en/blog/installing-decking-or-paving
/2013/10/21/homemade-tile-adhesive-and-grout-2/,https://kluje.com/en/blog/homemade-tile-adhesive-and-grout
/2013/10/25/water-damage-how-to-protect-your-home/,https://kluje.com/en/blog/water-damage-how-to-protect-your-home
/2013/11/04/renovation-project-journal-part-1/,https://kluje.com/en/blog/renovation-project-journal-part-1
/2013/10/30/electrical-safety-tips/,https://kluje.com/en/blog/electrical-safety-tips
/?p=530,https://kluje.com/en/blog/post_name-call-professional-diy-goes-horribly-wrong-post_name
/2013/11/11/all-you-will-need-to-know-about-ladder-safety/,https://kluje.com/en/blog/all-you-will-need-to-know-about-ladder-safety
/?p=1119,https://kluje.com/en/blog/post_name-renovation-journal-part-3-post_name
/2013/11/29/renovation-project-top-5-tips/,https://kluje.com/en/blog/renovation-project-top-5-tips
/2013/11/13/wallpaper-top-4-tips-for-making-it-work/,https://kluje.com/en/blog/wallpaper-top-4-tips-for-making-it-work
/2013/11/15/6-tips-to-find-the-right-architect/,https://kluje.com/en/blog/6-tips-to-find-the-right-architect
/2013/11/18/renovation-project-measurement/,https://kluje.com/en/blog/renovation-project-measurement
/2013/11/20/servicing-your-air-conditioner/,https://kluje.com/en/blog/servicing-your-air-conditioner
/2013/11/22/stop-a-dripping-tap-step-by-step/,https://kluje.com/en/blog/stop-a-dripping-tap-step-by-step
/2013/11/25/renovation-journal-part-2/,https://kluje.com/en/blog/renovation-journal-part-2
/2013/11/27/good-contractor/,https://kluje.com/en/blog/how-to-find-a-good-contractor
/2013/12/04/contractors-liscencing-requirements/,https://kluje.com/en/blog/contractors-liscencing-requirements
/2013/12/02/remodel-or-refresh-whats-the-difference/,https://kluje.com/en/blog/remodel-or-refresh-whats-the-difference
/2013/12/06/plumbing-repairs/,https://kluje.com/en/blog/plumbing-repairs-4-things-that-the-diyer-needs-to-know
/2013/12/09/fluorescent-lamp-all-you-need-to-know/,https://kluje.com/en/blog/fluorescent-lamp-all-you-need-to-know
/2013/12/13/bathroom-remodel-budget/,https://kluje.com/en/blog/bathroom-remodel-budget
/2013/12/11/renovation-budget-set-right-one/,https://kluje.com/en/blog/renovation-budget-set-right-one
/2013/12/16/renovation-project-managing-your-project/,https://kluje.com/en/blog/renovation-project-managing-your-project
/2013/12/18/contractor-ratings-help/,https://kluje.com/en/blog/contractor-ratings-how-they-help-you
/2013/12/20/selecting-the-right-contractor/,https://kluje.com/en/blog/selecting-the-right-contractor
/2013/12/23/kluje-platform-creating-better-quality-contractors/,https://kluje.com/en/blog/kluje-platform-creating-better-quality-contractors
/2013/12/27/home-improvement-made-smarter/,https://kluje.com/en/blog/home-improvement-made-smarter
/2013/12/30/bathroom-resealing-how-to-guide/,https://kluje.com/en/blog/bathroom-resealing-how-to-guide
/2014/01/22/installing-the-right-shower/,https://kluje.com/en/blog/installing-the-right-shower
/2014/01/03/renovation-projects-how-long-do-they-take/,https://kluje.com/en/blog/renovation-projects-how-long-do-they-take
/2014/01/06/bathroom-fixes-howto-regrout-tiles/,https://kluje.com/en/blog/bathroom-fixes-howto-regrout-tiles
/2014/01/09/joiner-carpenter-whats-difference/,https://kluje.com/en/blog/joiner-carpenter-whats-difference
/2014/01/10/using-primer-outdoors-painting/,https://kluje.com/en/blog/using-primer-outdoors-painting
/2014/01/13/replace-electric-hob/,https://kluje.com/en/blog/replace-electric-hob
/2014/01/15/decking-maintenance-3-things-need-know/,https://kluje.com/en/blog/decking-maintenance-3-things-need-know
/2014/01/17/contractor-ratings-part-2/,https://kluje.com/en/blog/contractor-ratings-part-2
/2014/01/20/electrical-and-plumbing-what-can-i-do/,https://kluje.com/en/blog/electrical-and-plumbing-what-can-i-do
/2014/01/24/blocked-drain/,https://kluje.com/en/blog/What to do if you have a blocked drain.
/2014/01/27/build-balcony-garden/,https://kluje.com/en/blog/How to build a balcony garden.
/2014/01/29/handyman/,https://kluje.com/en/blog/What is a Handyman?
/2014/02/03/renovation-5-essential-money-saving-tips/,https://kluje.com/en/blog/renovation-5-essential-money-saving-tips
/2014/02/05/lay-laminate-flooring-underlay/,https://kluje.com/en/blog/How to Lay Laminate Flooring and Underlay
/2014/02/07/marble-characteristics-uses-problems/,"https://kluje.com/en/blog/Marble:  Characteristics, uses and problems."
/2014/02/10/water-saving-tips/,"https://kluje.com/en/blog/Save water, save your environment!"
/2014/02/12/replace-kitchen-cabinet-doors-2/,https://kluje.com/en/blog/How to Replace Kitchen Cabinet Doors
/2014/02/14/repair-leaking-shower-mixer-tap/,https://kluje.com/en/blog/repair-leaking-shower-mixer-tap
/2014/02/17/sand-wooden-flooring/,https://kluje.com/en/blog/How to sand wooden flooring
/2014/02/21/kluje-guide-kitchen-worktops/,https://kluje.com/en/blog/kluje-guide-kitchen-worktops
/2014/02/25/kluje-guide-to-property-types-in-singapore/,https://kluje.com/en/blog/kluje-guide-to-property-types-in-singapore
/2014/02/27/choose-air-conditioner/,https://kluje.com/en/blog/How do i choose an air-conditioner?
/2014/02/28/interior-decorator-interior-designer/,https://kluje.com/en/blog/interior-decorator-interior-designer
/2014/03/05/install-kitchen-appliances/,https://kluje.com/en/blog/install-kitchen-appliances
/2014/03/07/kluje-guide-lay-carpet/,https://kluje.com/en/blog/kluje-guide-lay-carpet
/2014/03/10/kluje-guide-hang-a-picture/,https://kluje.com/en/blog/kluje-guide-hang-a-picture
/2014/03/12/kluje-guide-different-sizes-screws/,https://kluje.com/en/blog/kluje-guide-different-sizes-screws
/2014/03/14/renovate-home-wallet-5-essential-tips/,https://kluje.com/en/blog/renovate-home-wallet-5-essential-tips
/2014/03/19/woodworm/,https://kluje.com/en/blog/woodworm-what-is-it-and-what-do-i-do
/2014/03/21/window-maintenance-safety/,https://kluje.com/en/blog/window-maintenance-safety
/2014/03/24/planning-a-extension-4-things-to-consider/,https://kluje.com/en/blog/planning-a-extension-4-things-to-consider
/2014/03/26/4-types-flooring-commonly-used-singapore/,https://kluje.com/en/blog/4-types-flooring-commonly-used-singapore
/2014/03/28/kluje-guide-painting-new-plaster/,https://kluje.com/en/blog/kluje-guide-painting-new-plaster
/2014/03/31/kluje-guide-paint-kitchen-doors/,https://kluje.com/en/blog/kluje-guide-paint-kitchen-doors
/2014/04/02/11-must-have-tools-for-your-toolbox/,https://kluje.com/en/blog/11-must-have-tools-for-your-toolbox
/2014/04/04/childproofing-your-home-kluje-guide/,https://kluje.com/en/blog/childproofing-your-home-kluje-guide
/2014/04/08/7-staging-tricks-increase-flats-resale-price/,https://kluje.com/en/blog/7-staging-tricks-increase-flats-resale-price
/2014/04/11/grow-herb-garden-indoors/,https://kluje.com/en/blog/grow-herb-garden-indoors
/2014/04/14/5-ways-to-brighten-up-a-room/,https://kluje.com/en/blog/5-ways-to-brighten-up-a-room
/2014/04/16/renovation-cost/,https://kluje.com/en/blog/renovation-cost
/2014/04/21/planning-a-kitchen-makeover/,https://kluje.com/en/blog/planning-a-kitchen-makeover
/2014/04/23/how-to-measure-for-blinds/,https://kluje.com/en/blog/how-to-measure-for-blinds
/2014/04/25/how-to-make-a-room-look-bigger/,https://kluje.com/en/blog/how-to-make-a-room-look-bigger
/2014/04/28/8-tips-on-how-to-work-with-a-contractor/,https://kluje.com/en/blog/8-tips-on-how-to-work-with-a-contractor
/2014/04/30/interior-design-the-process/,https://kluje.com/en/blog/interior-design-the-process
/2014/05/02/5-ways-to-add-value-to-your-property/,https://kluje.com/en/blog/5-ways-to-add-value-to-your-property
/2014/05/07/6-common-air-conditioner-faults/,https://kluje.com/en/blog/6-common-air-conditioner-faults
/2014/05/09/how-often-should-i-paint-the-interior-of-my-home/,https://kluje.com/en/blog/how-often-should-i-paint-the-interior-of-my-home
/2014/05/14/room-colour-and-how-it-affects-your-mood/,https://kluje.com/en/blog/room-colour-and-how-it-affects-your-mood
/2014/05/16/guidelines-for-renovation-works-hdb/,https://kluje.com/en/blog/guidelines-for-renovation-works-hdb
/2014/05/23/interior-design-and-my-tv/,https://kluje.com/en/blog/interior-design-and-my-tv
/2014/05/27/kluje-guide-to-customer-service/,https://kluje.com/en/blog/kluje-guide-to-customer
/2014/05/27/geberit-perfect-bathroom/,https://kluje.com/en/blog/geberit-perfect-bathroom
/2014/05/30/soundproofing-a-room/,https://kluje.com/en/blog/soundproofing-a-room
/2014/06/02/kitchen-planning/,https://kluje.com/en/blog/kitchen-planning-a-one-wall-kitchen
/2014/06/04/renovation-donts-before-you-start/,https://kluje.com/en/blog/renovation-donts-before-you-start
/2014/06/06/interior-design-the-basics/,https://kluje.com/en/blog/interior-design-the-basics
/2014/06/09/renovation-donts-project-part-2/,https://kluje.com/en/blog/renovation-donts-project-part-2
/2014/06/12/getting-an-ec-vs-bto-flat-what-are-the-differences/,https://kluje.com/en/blog/getting-an-ec-vs-bto-flat-what-are-the-differences
/2014/06/13/renovation-costs-5-tips-to-get-it-right/,https://kluje.com/en/blog/renovation-costs-5-tips-to-get-it-right
/2014/06/16/5-things-to-check-before-you-call-your-electrician/,https://kluje.com/en/blog/5-things-to-check-before-you-call-your-electrician
